{
  "baselines": {
    "A1": 0.4984,
    "B9_plain": 0.5235,
    "B9_modu": 0.4773,
    "classical": 0.6201,
    "classical_modu": 0.4867
  },
  "stratification": {
    "mono_n": 32,
    "modu_n": 9
  },
  "cells": [
    {
      "cell": "C5",
      "n_seeds": 3,
      "mean_plain": 0.5214057586479408,
      "sigma": 0.0009264115779315108,
      "mean_hmm": 0.5306827772384095,
      "mean_ens": 0.6207021133925902,
      "mono_mean": 0.6244709035890676,
      "modu_mean": 0.47849184936884037,
      "delta_vs_B9": -0.0020942413520591563,
      "delta_vs_cls": -0.09869424135205918,
      "delta_modu_vs_B9": 0.0011918493688403697,
      "delta_modu_vs_cls": -0.00820815063115965,
      "outcome": "null"
    },
    {
      "cell": "C6",
      "n_seeds": 3,
      "mean_plain": 0.5236888121995562,
      "sigma": 0.0034752239075609005,
      "mean_hmm": 0.5350530660378944,
      "mean_ens": 0.6205688702368396,
      "mono_mean": 0.6337231239681443,
      "modu_mean": 0.47721834928247864,
      "delta_vs_B9": 0.00018881219955624307,
      "delta_vs_cls": -0.09641118780044378,
      "delta_modu_vs_B9": -8.165071752136432e-05,
      "delta_modu_vs_cls": -0.009481650717521384,
      "outcome": "null"
    }
  ]
}