{
  "checkpoint": "/content/project/research_data/ablation_A8.pt",
  "model_type": "gru",
  "validation": {
    "loss": 1.6653445348143578,
    "accuracy": 0.50363125,
    "mirex_weighted_score": 0.6254900000001057,
    "total_predictions": 160000
  },
  "test": {
    "loss": 2.0192410022981706,
    "accuracy": 0.38714661511156184,
    "mirex_weighted_score": 0.5293206452840875,
    "total_predictions": 252416,
    "confusion_matrix": [
      [
        20919,
        281,
        1374,
        923,
        518,
        2781,
        232,
        5164,
        826,
        1578,
        519,
        1931,
        1793,
        2,
        426,
        3,
        85,
        556,
        99,
        144,
        104,
        1374,
        2,
        240
      ],
      [
        93,
        641,
        14,
        55,
        20,
        5,
        642,
        4,
        230,
        22,
        18,
        413,
        1,
        7,
        0,
        82,
        3,
        10,
        98,
        0,
        125,
        0,
        0,
        0
      ],
      [
        456,
        75,
        12576,
        68,
        419,
        212,
        220,
        3362,
        29,
        2700,
        423,
        595,
        52,
        5,
        397,
        1,
        52,
        0,
        727,
        239,
        1,
        28,
        0,
        1221
      ],
      [
        1025,
        1182,
        112,
        12616,
        59,
        941,
        1818,
        892,
        3794,
        135,
        3178,
        1667,
        3757,
        1,
        96,
        447,
        8,
        389,
        208,
        333,
        335,
        41,
        56,
        0
      ],
      [
        719,
        705,
        299,
        253,
        5576,
        432,
        852,
        524,
        63,
        949,
        125,
        3538,
        50,
        1,
        74,
        23,
        14,
        12,
        262,
        13,
        367,
        234,
        41,
        58
      ],
      [
        2780,
        2,
        13,
        44,
        18,
        2514,
        1,
        276,
        183,
        57,
        706,
        19,
        52,
        1,
        461,
        0,
        22,
        208,
        0,
        20,
        13,
        112,
        0,
        0
      ],
      [
        222,
        997,
        152,
        84,
        379,
        144,
        3473,
        99,
        171,
        278,
        20,
        5451,
        14,
        12,
        3,
        141,
        23,
        21,
        373,
        1,
        142,
        23,
        19,
        42
      ],
      [
        1731,
        9,
        1534,
        68,
        19,
        280,
        120,
        2117,
        8,
        145,
        67,
        579,
        0,
        0,
        0,
        0,
        325,
        0,
        253,
        4,
        7,
        40,
        0,
        240
      ],
      [
        22,
        703,
        0,
        1570,
        36,
        7,
        12,
        8,
        5304,
        1,
        113,
        23,
        178,
        0,
        0,
        2,
        0,
        226,
        0,
        4,
        0,
        0,
        131,
        0
      ],
      [
        290,
        175,
        506,
        0,
        1470,
        191,
        15,
        53,
        139,
        8340,
        108,
        230,
        0,
        547,
        178,
        0,
        2,
        0,
        208,
        105,
        5,
        70,
        0,
        50
      ],
      [
        90,
        1,
        224,
        875,
        3,
        821,
        156,
        58,
        9,
        7,
        4864,
        43,
        106,
        0,
        344,
        8,
        0,
        1,
        17,
        534,
        0,
        2,
        32,
        27
      ],
      [
        303,
        200,
        96,
        469,
        632,
        191,
        780,
        122,
        179,
        100,
        308,
        4457,
        11,
        3,
        12,
        16,
        304,
        30,
        171,
        17,
        332,
        3,
        2,
        69
      ],
      [
        505,
        195,
        8,
        3298,
        12,
        290,
        23,
        165,
        2512,
        11,
        946,
        878,
        5550,
        0,
        10,
        1,
        1,
        406,
        1,
        524,
        344,
        1,
        41,
        0
      ],
      [
        2,
        128,
        8,
        0,
        48,
        0,
        18,
        11,
        3,
        10,
        0,
        34,
        0,
        217,
        0,
        0,
        2,
        0,
        63,
        0,
        7,
        1,
        0,
        0
      ],
      [
        790,
        11,
        102,
        2,
        1,
        1575,
        2,
        81,
        68,
        153,
        184,
        11,
        77,
        0,
        512,
        0,
        0,
        14,
        1,
        65,
        10,
        18,
        0,
        0
      ],
      [
        0,
        219,
        19,
        32,
        27,
        26,
        2176,
        1,
        88,
        102,
        31,
        1127,
        0,
        0,
        0,
        1513,
        0,
        0,
        0,
        0,
        461,
        3,
        74,
        0
      ],
      [
        176,
        43,
        10,
        5,
        83,
        17,
        249,
        301,
        2,
        25,
        21,
        364,
        11,
        0,
        0,
        31,
        219,
        0,
        0,
        0,
        0,
        1,
        0,
        0
      ],
      [
        113,
        206,
        1,
        856,
        1,
        33,
        2,
        11,
        711,
        16,
        264,
        47,
        1195,
        7,
        1,
        0,
        0,
        736,
        0,
        10,
        75,
        0,
        14,
        0
      ],
      [
        7,
        18,
        46,
        0,
        5,
        0,
        132,
        5,
        1,
        183,
        0,
        66,
        0,
        0,
        0,
        0,
        0,
        0,
        217,
        0,
        26,
        0,
        0,
        0
      ],
      [
        299,
        111,
        174,
        468,
        3,
        68,
        14,
        158,
        187,
        51,
        1071,
        54,
        227,
        0,
        33,
        171,
        0,
        3,
        2,
        485,
        47,
        1,
        3,
        0
      ],
      [
        5,
        380,
        0,
        97,
        99,
        0,
        372,
        7,
        482,
        66,
        7,
        1370,
        0,
        34,
        0,
        459,
        0,
        0,
        3,
        0,
        2547,
        0,
        9,
        0
      ],
      [
        3375,
        335,
        419,
        28,
        382,
        941,
        91,
        507,
        698,
        705,
        30,
        150,
        0,
        156,
        343,
        0,
        79,
        950,
        104,
        25,
        2,
        1322,
        0,
        10
      ],
      [
        97,
        1396,
        0,
        150,
        11,
        41,
        332,
        2,
        623,
        22,
        176,
        869,
        95,
        38,
        1,
        10,
        0,
        124,
        21,
        0,
        92,
        0,
        134,
        0
      ],
      [
        777,
        665,
        3280,
        516,
        68,
        482,
        500,
        1424,
        613,
        1114,
        304,
        1724,
        199,
        9,
        197,
        0,
        81,
        20,
        544,
        239,
        45,
        4,
        0,
        873
      ]
    ]
  },
  "class_metrics": {
    "per_class": {
      "C": {
        "accuracy": 0.49957013898839375,
        "correct": 20919,
        "total": 41874
      },