{
  "checkpoint": "/content/project/research_data/ablation_A1.pt",
  "model_type": "gru",
  "validation": {
    "loss": 1.6222537145018578,
    "accuracy": 0.5118,
    "mirex_weighted_score": 0.6330550000001024,
    "total_predictions": 160000
  },
  "test": {
    "loss": 2.017759276974586,
    "accuracy": 0.3902327903144016,
    "mirex_weighted_score": 0.5308954265974698,
    "total_predictions": 252416,
    "confusion_matrix": [
      [
        21040,
        273,
        1488,
        700,
        530,
        2941,
        238,
        5179,
        872,
        1513,
        464,
        1965,
        1618,
        3,
        368,
        0,
        26,
        411,
        126,
        192,
        110,
        1522,
        0,
        295
      ],
      [
        88,
        709,
        8,
        31,
        20,
        5,
        617,
        18,
        216,
        21,
        20,
        438,
        3,
        16,
        0,
        88,
        0,
        25,
        76,
        0,
        69,
        0,
        15,
        0
      ],
      [
        389,
        86,
        12928,
        60,
        417,
        217,
        188,
        3174,
        23,
        2563,
        447,
        587,
        54,
        29,
        392,
        1,
        42,
        0,
        713,
        244,
        1,
        19,
        0,
        1284
      ],
      [
        1043,
        1285,
        140,
        12098,
        72,
        991,
        1605,
        952,
        4278,
        85,
        3290,
        1963,
        3494,
        2,
        71,
        396,
        8,
        331,
        213,
        350,
        330,
        39,
        53,
        1
      ],
      [
        989,
        699,
        272,
        272,
        5855,
        447,
        723,
        422,
        52,
        1014,
        164,
        3229,
        10,
        1,
        61,
        39,
        13,
        14,
        318,
        21,
        336,
        85,
        33,
        115
      ],
      [
        2561,
        2,
        22,
        50,
        13,
        2770,
        1,
        365,
        178,
        58,
        657,
        27,
        49,
        1,
        332,
        0,
        15,
        152,
        0,
        49,
        19,
        181,
        0,
        0
      ],
      [
        232,
        1092,
        101,
        59,
        351,
        160,
        3415,
        107,
        159,
        252,
        19,
        5282,
        34,
        38,
        1,
        157,
        20,
        3,
        492,
        1,
        188,
        32,
        37,
        52
      ],
      [
        1743,
        10,
        1323,
        63,
        17,
        317,
        112,
        2298,
        7,
        152,
        58,
        606,
        0,
        0,
        0,
        0,
        263,
        0,
        193,
        3,
        8,
        27,
        0,
        346
      ],
      [
        21,
        706,
        0,
        1480,
        31,
        11,
        15,
        10,
        5375,
        1,
        108,
        22,
        194,
        0,
        0,
        2,
        0,
        197,
        0,
        4,
        0,
        0,
        163,
        0
      ],
      [
        338,
        181,
        506,
        0,
        1357,
        196,
        26,
        45,
        141,
        8349,
        56,
        268,
        0,
        600,
        139,
        0,
        0,
        0,
        219,
        126,
        3,
        75,
        0,
        57
      ],
      [
        78,
        4,
        208,
        805,
        3,
        967,
        131,
        64,
        5,
        17,
        4954,
        23,
        85,
        0,
        286,
        3,
        0,
        1,
        10,
        503,
        0,
        2,
        32,
        41
      ],
      [
        365,
        250,
        90,
        413,
        659,
        176,
        662,
        116,
        188,
        98,
        298,
        4350,
        8,
        4,
        9,
        8,
        307,
        28,
        225,
        11,
        468,
        3,
        1,
        70
      ],
      [
        424,
        236,
        14,
        3356,
        11,
        251,
        28,
        186,
        2581,
        7,
        981,
        908,
        5311,
        0,
        3,
        0,
        0,
        344,
        0,
        627,
        372,
        1,
        81,
        0
      ],
      [
        2,
        126,
        11,
        0,
        39,
        0,
        7,
        9,
        3,
        6,
        0,
        16,
        0,
        220,
        0,
        0,
        2,
        0,
        63,
        0,
        47,
        1,
        0,
        0
      ],
      [
        732,
        16,
        114,
        1,
        0,
        1764,
        1,
        69,
        48,
        161,
        170,
        5,
        70,
        0,
        362,
        0,
        0,
        2,
        1,
        89,
        45,
        27,
        0,
        0
      ],
      [
        0,
        299,
        26,
        43,
        62,
        11,
        2098,
        1,
        78,
        56,
        31,
        939,
        0,
        0,
        0,
        1627,
        0,
        0,
        0,
        0,
        508,
        13,
        107,
        0
      ],
      [
        175,
        38,
        9,
        0,
        106,
        19,
        145,
        296,
        2,
        34,
        15,
        473,
        3,
        0,
        0,
        34,
        206,
        0,
        0,
        0,
        0,
        3,
        0,
        0
      ],
      [
        80,
        221,
        2,
        871,
        1,
        33,
        4,
        16,
        827,
        15,
        301,
        48,
        1137,
        5,
        0,
        0,
        0,
        667,
        0,
        6,
        57,
        0,
        8,
        0
      ],
      [
        8,
        35,
        49,
        0,
        3,
        0,
        158,
        8,
        11,
        172,
        0,
        28,
        0,
        0,
        0,
        0,
        1,
        0,
        223,
        0,
        9,
        0,
        0,
        1
      ],
      [
        272,
        110,
        167,
        304,
        4,
        108,
        9,
        154,
        234,
        54,
        1091,
        73,
        206,
        0,
        9,
        183,
        0,
        2,
        6,
        575,
        52,
        1,
        8,
        8
      ],
      [
        6,
        511,
        0,
        83,
        117,
        0,
        316,
        5,
        434,
        75,
        7,
        1428,
        0,
        38,
        0,
        429,
        2,
        0,
        6,
        0,
        2463,
        0,
        17,
        0
      ],
      [
        3283,
        411,
        386,
        26,
        331,
        934,
        79,
        547,
        640,
        799,
        16,
        143,
        0,
        85,
        368,
        3,
        77,
        999,
        193,
        26,
        9,
        1268,
        0,
        29
      ],
      [
        72,
        1515,
        2,
        84,
        12,
        75,
        366,
        6,
        554,
        20,
        152,
        919,
        95,
        64,
        0,
        7,
        0,
        108,
        22,
        0,
        48,
        0,
        113,
        0
      ],
      [
        734,
        786,
        2808,
        467,
        83,
        500,
        396,
        1383,
        473,
        1145,
        301,
        1773,
        254,
        12,
        213,
        0,
        93,
        12,
        560,
        226,
        124,
        10,
        0,
        1325
      ]
    ]
  },
  "class_metrics": {
    "per_class": {
      "C": {
        "accuracy": 0.5024597602330801,
        "correct": 21040,
        "total": 41874
      },