{
  "checkpoint": "/content/project/research_data/ablation_A6.pt",
  "model_type": "gru",
  "validation": {
    "loss": 1.3950997091829778,
    "accuracy": 0.57255,
    "mirex_weighted_score": 0.6807181250000546,
    "total_predictions": 160000
  },
  "test": {
    "loss": 1.8577718523240858,
    "accuracy": 0.434085002535497,
    "mirex_weighted_score": 0.5748835256085146,
    "total_predictions": 252416,
    "confusion_matrix": [
      [
        21087,
        81,
        1388,
        366,
        288,
        4667,
        129,
        5394,
        701,
        2204,
        354,
        644,
        570,
        0,
        34,
        0,
        228,
        723,
        2,
        267,
        0,
        1964,
        51,
        732
      ],
      [
        75,
        550,
        14,
        0,
        102,
        1,
        710,
        8,
        1,
        1,
        102,
        0,
        0,
        259,
        0,
        89,
        11,
        0,
        18,
        0,
        123,
        2,
        417,
        0
      ],
      [
        103,
        137,
        12869,
        7,
        4,
        161,
        105,
        3906,
        0,
        2866,
        583,
        206,
        0,
        23,
        456,
        0,
        0,
        0,
        221,
        503,
        71,
        162,
        0,
        1475
      ],
      [
        985,
        1506,
        62,
        11272,
        27,
        649,
        1124,
        1082,
        5770,
        391,
        2756,
        871,
        3109,
        0,
        235,
        1413,
        0,
        442,
        344,
        562,
        238,
        0,
        252,
        0
      ],
      [
        771,
        461,
        297,
        12,
        7300,
        337,
        791,
        665,
        81,
        1629,
        24,
        1868,
        0,
        28,
        1,
        129,
        134,
        1,
        3,
        0,
        408,
        63,
        174,
        7
      ],
      [
        2280,
        0,
        121,
        21,
        0,
        4053,
        0,
        2,
        0,
        9,
        394,
        0,
        0,
        0,
        500,
        0,
        0,
        0,
        0,
        0,
        0,
        122,
        0,
        0
      ],
      [
        215,
        1877,
        21,
        0,
        258,
        0,
        4815,
        8,
        199,
        250,
        18,
        2853,
        9,
        323,
        0,
        146,
        7,
        0,
        62,
        50,
        1164,
        0,
        9,
        0
      ],
      [
        1446,
        3,
        1168,
        0,
        6,
        269,
        192,
        2715,
        19,
        132,
        1,
        321,
        0,
        0,
        69,
        9,
        635,
        0,
        0,
        0,
        0,
        107,
        0,
        454
      ],
      [
        0,
        816,
        0,
        1267,
        74,
        0,
        4,
        0,
        5678,
        0,
        0,
        0,
        81,
        0,
        0,
        3,
        0,
        111,
        0,
        0,
        0,
        0,
        306,
        0
      ],
      [
        77,
        33,
        187,
        0,
        1140,
        63,
        50,
        97,
        198,
        10049,
        141,
        0,
        0,
        484,
        4,
        0,
        0,
        0,
        46,
        0,
        0,
        36,
        37,
        40
      ],
      [
        0,
        0,
        95,
        270,
        0,
        637,
        0,
        73,
        14,
        1,
        5825,
        0,
        0,
        0,
        95,
        0,
        0,
        0,
        0,
        1111,
        0,
        0,
        0,
        101
      ],
      [
        166,
        144,
        48,
        126,
        1256,
        84,
        577,
        8,
        417,
        469,
        88,
        3718,
        0,
        181,
        0,
        104,
        103,
        0,
        12,
        0,
        1169,
        30,
        0,
        107
      ],
      [
        16,
        0,
        0,
        2631,
        4,
        274,
        0,
        198,
        3503,
        0,
        329,
        851,
        5715,
        1,
        14,
        0,
        0,
        606,
        0,
        1288,
        257,
        0,
        35,
        0
      ],
      [
        0,
        427,
        0,
        0,
        0,
        2,
        0,
        0,
        0,
        0,
        0,
        0,
        0,
        120,
        0,
        0,
        0,
        1,
        0,
        0,
        0,
        0,
        2,
        0
      ],
      [
        574,
        0,
        47,
        0,
        0,
        1246,
        0,
        25,
        0,
        198,
        36,
        0,
        0,
        0,
        1455,
        0,
        0,
        0,
        0,
        82,
        0,
        14,
        0,
        0
      ],
      [
        0,
        286,
        0,
        0,
        0,
        47,
        2950,
        0,
        0,
        80,
        0,
        91,
        0,
        0,
        0,
        1820,
        0,
        0,
        0,
        0,
        625,
        0,
        0,
        0
      ],
      [
        207,
        138,
        64,
        76,
        151,
        0,
        136,
        151,
        1,
        0,
        124,
        71,
        0,
        0,
        0,
        81,
        304,
        0,
        0,
        0,
        0,
        47,
        7,
        0
      ],
      [
        49,
        400,
        0,
        647,
        2,
        349,
        22,
        1,
        698,
        0,
        206,
        12,
        574,
        1,
        0,
        0,
        104,
        1216,
        5,
        0,
        0,
        0,
        0,
        13
      ],
      [
        0,
        0,
        0,
        0,
        0,
        0,
        421,
        0,
        0,
        235,
        0,
        48,
        0,
        0,
        0,
        0,
        0,
        0,
        2,
        0,
        0,
        0,
        0,
        0
      ],
      [
        220,
        160,
        78,
        210,
        0,
        25,
        33,
        86,
        31,
        1,
        1529,
        28,
        135,
        0,
        4,
        398,
        0,
        0,
        0,
        648,
        0,
        0,
        44,
        0
      ],
      [
        0,
        483,
        0,
        55,
        40,
        0,
        87,
        0,
        103,
        23,
        0,
        913,
        0,
        203,
        0,
        673,
        0,
        0,
        0,
        0,
        3357,
        0,
        0,
        0
      ],
      [
        2587,
        487,
        336,
        0,
        115,
        799,
        107,
        253,
        562,
        881,
        3,
        64,
        0,
        132,
        762,
        50,
        16,
        1049,
        31,
        1,
        0,
        2250,
        154,
        13
      ],
      [
        125,
        893,
        0,
        2,
        0,
        175,
        185,
        0,
        511,
        0,
        118,
        433,
        0,
        0,
        0,
        75,
        0,
        330,
        0,
        0,
        363,
        0,
        1024,
        0
      ],
      [
        768,
        603,
        2409,
        381,
        142,
        673,
        419,
        1785,
        452,
        1906,
        3,
        1378,
        11,
        50,
        141,
        39,
        53,
        259,
        249,
        200,
        29,
        0,
        0,
        1728
      ]
    ]
  },
  "class_metrics": {
    "per_class": {
      "C": {
        "accuracy": 0.5035821750967188,
        "correct": 21087,
        "total": 41874
      },
      "C#": {
        "accuracy": 0.22150624244865083,
        "correct": 550,