{
  "checkpoint": "/content/project/research_data/ablation_A9.pt",
  "model_type": "gru",
  "validation": {
    "loss": 1.466233192384243,
    "accuracy": 0.57530625,
    "mirex_weighted_score": 0.6785456250000599,
    "total_predictions": 160000
  },
  "test": {
    "loss": 1.7901595407916653,
    "accuracy": 0.472866220841785,
    "mirex_weighted_score": 0.5994441715263281,
    "total_predictions": 252416,
    "confusion_matrix": [
      [
        22111,
        91,
        1576,
        476,
        1124,
        2451,
        50,
        5663,
        709,
        1862,
        239,
        719,
        565,
        0,
        1,
        2,
        299,
        703,
        132,
        9,
        46,
        2217,
        55,
        774
      ],
      [
        33,
        454,
        1,
        0,
        93,
        11,
        1054,
        0,
        2,
        16,
        0,
        116,
        0,
        192,
        0,
        58,
        58,
        0,
        24,
        0,
        122,
        0,
        248,
        1
      ],
      [
        34,
        6,
        14396,
        181,
        116,
        79,
        0,
        3188,
        4,
        1760,
        493,
        381,
        31,
        24,
        200,
        0,
        1,
        0,
        672,
        160,
        7,
        234,
        0,
        1891
      ],
      [
        964,
        923,
        142,
        14370,
        50,
        696,
        1813,
        892,
        3528,
        253,
        1900,
        773,
        3398,
        0,
        281,
        1646,
        0,
        337,
        406,
        568,
        133,
        0,
        6,
        11
      ],
      [
        338,
        427,
        258,
        3,
        8131,
        584,
        853,
        459,
        163,
        795,
        0,
        1445,
        0,
        5,
        0,
        246,
        321,
        0,
        96,
        0,
        774,
        25,
        1,
        260
      ],
      [
        2761,
        0,
        168,
        4,
        0,
        3242,
        0,
        0,
        1,
        0,
        474,
        0,
        0,
        0,
        680,
        0,
        0,
        46,
        0,
        0,
        0,
        126,
        0,
        0
      ],
      [
        16,
        711,
        0,
        1,
        652,
        0,
        5011,
        47,
        485,
        102,
        16,
        3253,
        1,
        50,
        0,
        215,
        1,
        1,
        540,
        64,
        1116,
        0,
        2,
        0
      ],
      [
        1260,
        2,
        1346,
        0,
        0,
        238,
        270,
        2717,
        0,
        0,
        0,
        182,
        0,
        0,
        0,
        3,
        877,
        0,
        6,
        0,
        0,
        198,
        0,
        447
      ],
      [
        0,
        571,
        0,
        1572,
        165,
        0,
        82,
        0,
        5538,
        0,
        0,
        0,
        95,
        0,
        0,
        15,
        0,
        179,
        0,
        0,
        0,
        0,
        123,
        0
      ],
      [
        11,
        99,
        256,
        0,
        2150,
        33,
        0,
        2,
        48,
        9194,
        1,
        0,
        0,
        188,
        153,
        0,
        59,
        5,
        290,
        0,
        0,
        32,
        27,
        134
      ],
      [
        0,
        0,
        121,
        638,
        0,
        81,
        0,
        98,
        0,
        0,
        5755,
        0,
        3,
        0,
        120,
        0,
        0,
        0,
        0,
        1284,
        0,
        0,
        2,
        120
      ],
      [
        227,
        175,
        83,
        230,
        1893,
        0,
        190,
        41,
        39,
        46,
        67,
        3558,
        0,
        34,
        0,
        373,
        495,
        0,
        137,
        0,
        1170,
        0,
        44,
        5
      ],
      [
        16,
        84,
        0,
        4255,
        251,
        217,
        0,
        180,
        2750,
        0,
        176,
        91,
        5745,
        24,
        0,
        185,
        0,
        495,
        7,
        984,
        231,
        0,
        31,
        0
      ],
      [
        0,
        139,
        0,
        0,
        0,
        1,
        101,
        0,
        0,
        3,
        0,
        0,
        0,
        279,
        0,
        0,
        0,
        29,
        0,
        0,
        0,
        0,
        0,
        0
      ],
      [
        685,
        0,
        126,
        0,
        0,
        506,
        0,
        40,
        0,
        137,
        13,
        0,
        15,
        0,
        1776,
        0,
        0,
        0,
        0,
        307,
        0,
        72,
        0,
        0
      ],
      [
        0,
        232,
        0,
        0,
        148,
        0,
        438,
        0,
        0,
        40,
        0,
        35,
        0,
        0,
        0,
        4357,
        0,
        0,
        0,
        0,
        643,
        6,
        0,
        0
      ],
      [
        107,
        95,
        80,
        16,
        84,
        0,
        194,
        89,
        55,
        0,
        6,
        48,
        0,
        0,
        0,
        187,
        545,
        0,
        0,
        0,
        0,
        45,
        7,
        0
      ],
      [
        12,
        352,
        0,
        691,
        21,
        0,
        21,
        0,
        697,
        0,
        49,
        24,
        643,
        1,
        0,
        0,
        123,
        1572,
        0,
        0,
        0,
        2,
        91,
        0
      ],
      [
        0,
        0,
        0,
        0,
        0,
        0,
        352,
        0,
        0,
        95,
        0,
        57,
        0,
        0,
        0,
        0,
        0,
        0,
        202,
        0,
        0,
        0,
        0,
        0
      ],
      [
        113,
        144,
        245,
        721,
        0,
        5,
        76,
        78,
        0,
        0,
        632,
        48,
        372,
        0,
        0,
        393,
        0,
        6,
        0,
        777,
        0,
        0,
        18,
        2
      ],
      [
        0,
        100,
        0,
        49,
        15,
        0,
        152,
        0,
        161,
        0,
        0,
        620,
        0,
        216,
        0,
        860,
        0,
        0,
        0,
        0,
        3762,
        0,
        2,
        0
      ],
      [
        2544,
        482,
        874,
        0,
        572,
        347,
        61,
        229,
        307,
        729,
        0,
        12,
        0,
        261,
        53,
        179,
        22,
        796,
        277,
        0,
        0,
        2593,
        291,
        23
      ],
      [
        151,
        807,
        0,
        67,
        6,
        202,
        205,
        0,
        293,
        0,
        80,
        150,
        0,
        5,
        0,
        173,
        0,
        381,
        0,
        0,
        715,
        44,
        955,
        0
      ],
      [
        564,
        255,
        2816,
        170,
        148,
        738,
        855,
        1752,
        545,
        871,
        39,
        1305,
        0,
        117,
        98,
        86,
        62,
        273,
        620,
        18,
        0,
        24,
        3,
        2319
      ]
    ]
  },
  "class_metrics": {
    "per_class": {
      "C": {
        "accuracy": 0.5280364904236519,
        "correct": 22111,
        "total": 41874
      },
      "C#": {
        "accuracy": 0.18284333467579542,
        "correct": 454,
        "total": 2483
      },