{
  "checkpoint": "/content/project/research_data/ablation_A7.pt",
  "model_type": "gru",
  "validation": {
    "loss": 1.6205665528774262,
    "accuracy": 0.5195,
    "mirex_weighted_score": 0.638010000000093,
    "total_predictions": 160000
  },
  "test": {
    "loss": 1.9716389131161474,
    "accuracy": 0.4076564084685598,
    "mirex_weighted_score": 0.5427227275609582,
    "total_predictions": 252416,
    "confusion_matrix": [
      [
        18166,
        226,
        2158,
        1125,
        836,
        4145,
        274,
        5298,
        636,
        1617,
        641,
        823,
        896,
        0,
        494,
        29,
        538,
        982,
        27,
        232,
        30,
        2148,
        13,
        540
      ],
      [
        65,
        568,
        26,
        11,
        142,
        29,
        479,
        2,
        153,
        45,
        10,
        192,
        0,
        60,
        0,
        242,
        19,
        136,
        40,
        0,
        103,
        0,
        161,
        0
      ],
      [
        132,
        24,
        13970,
        39,
        223,
        171,
        165,
        2735,
        12,
        2525,
        466,
        299,
        49,
        100,
        174,
        0,
        285,
        0,
        717,
        408,
        0,
        142,
        0,
        1222
      ],
      [
        1545,
        1397,
        330,
        14856,
        255,
        823,
        1228,
        727,
        2530,
        297,
        3075,
        1180,
        2617,
        5,
        290,
        251,
        15,
        329,
        277,
        709,
        252,
        62,
        31,
        9
      ],
      [
        512,
        544,
        286,
        260,
        6825,
        520,
        695,
        302,
        81,
        1807,
        130,
        2185,
        2,
        11,
        1,
        77,
        254,
        20,
        79,
        20,
        336,
        144,
        32,
        61
      ],
      [
        2345,
        3,
        92,
        124,
        16,
        2903,
        1,
        243,
        60,
        113,
        536,
        4,
        45,
        7,
        454,
        0,
        0,
        164,
        0,
        81,
        10,
        297,
        4,
        0
      ],
      [
        177,
        1033,
        247,
        61,
        660,
        155,
        4301,
        25,
        131,
        369,
        44,
        3382,
        8,
        135,
        8,
        435,
        51,
        71,
        380,
        1,
        478,
        6,
        61,
        65
      ],
      [
        1545,
        7,
        1606,
        97,
        8,
        289,
        68,
        2150,
        3,
        263,
        97,
        419,
        0,
        0,
        0,
        0,
        522,
        0,
        1,
        3,
        0,
        152,
        0,
        316
      ],
      [
        3,
        645,
        3,
        1996,
        28,
        22,
        14,
        5,
        4748,
        0,
        82,
        21,
        160,
        0,
        0,
        25,
        0,
        294,
        0,
        0,
        0,
        0,
        294,
        0
      ],
      [
        204,
        127,
        483,
        0,
        1256,
        91,
        16,
        18,
        88,
        9208,
        104,
        55,
        0,
        644,
        89,
        0,
        1,
        15,
        63,
        117,
        0,
        52,
        4,
        47
      ],
      [
        43,
        4,
        315,
        692,
        2,
        721,
        120,
        55,
        2,
        32,
        4893,
        11,
        20,
        0,
        249,
        1,
        1,
        1,
        8,
        902,
        0,
        0,
        15,
        135
      ],
      [
        269,
        264,
        157,
        374,
        889,
        118,
        1033,
        186,
        203,
        255,
        289,
        3050,
        35,
        146,
        16,
        66,
        431,
        1,
        215,
        11,
        618,
        96,
        0,
        85
      ],
      [
        453,
        222,
        37,
        4544,
        35,
        286,
        55,
        105,
        1868,
        64,
        675,
        448,
        4674,
        0,
        5,
        92,
        7,
        666,
        1,
        1136,
        330,
        0,
        19,
        0
      ],
      [
        0,
        114,
        14,
        0,
        46,
        0,
        12,
        6,
        2,
        25,
        0,
        1,
        0,
        283,
        0,
        0,
        2,
        9,
        38,
        0,
        0,
        0,
        0,
        0
      ],
      [
        433,
        29,
        303,
        4,
        0,
        1387,
        2,
        92,
        15,
        144,
        219,
        0,
        0,
        0,
        841,
        0,
        0,
        16,
        0,
        126,
        11,
        55,
        0,
        0
      ],
      [
        0,
        236,
        1,
        136,
        374,
        1,
        1596,
        0,
        66,
        5,
        18,
        667,
        0,
        1,
        42,
        2341,
        0,
        0,
        0,
        0,
        282,
        22,
        111,
        0
      ],
      [
        118,
        44,
        52,
        13,
        157,
        19,
        170,
        184,
        5,
        2,
        11,
        112,
        0,
        5,
        0,
        121,
        542,
        1,
        0,
        0,
        0,
        2,
        0,
        0
      ],
      [
        49,
        272,
        20,
        854,
        0,
        22,
        4,
        16,
        462,
        8,
        299,
        22,
        925,
        33,
        0,
        0,
        0,
        1167,
        11,
        65,
        51,
        1,
        18,
        0
      ],
      [
        8,
        8,
        55,
        0,
        1,
        0,
        194,
        3,
        17,
        236,
        0,
        15,
        0,
        2,
        0,
        0,
        0,
        0,
        167,
        0,
        0,
        0,
        0,
        0
      ],
      [
        150,
        70,
        262,
        603,
        2,
        88,
        6,
        151,
        197,
        37,
        908,
        50,
        57,
        0,
        20,
        149,
        103,
        1,
        0,
        686,
        15,
        59,
        8,
        8
      ],
      [
        4,
        328,
        4,
        113,
        219,
        2,
        206,
        5,
        410,
        80,
        0,
        572,
        0,
        163,
        0,
        637,
        86,
        0,
        12,
        0,
        3053,
        0,
        43,
        0
      ],
      [
        2253,
        181,
        684,
        45,
        440,
        660,
        52,
        424,
        612,
        814,
        33,
        41,
        0,
        224,
        580,
        2,
        311,
        902,
        227,
        30,
        0,
        2133,
        4,
        0
      ],
      [
        61,
        1419,
        6,
        83,
        50,
        106,
        471,
        4,
        376,
        28,
        181,
        607,
        55,
        102,
        0,
        31,
        0,
        254,
        16,
        0,
        214,
        0,
        169,
        1
      ],
      [
        698,
        342,
        3289,
        632,
        308,
        598,
        444,
        1144,
        241,
        1419,
        491,
        977,
        141,
        133,
        307,
        0,
        263,
        236,
        627,
        86,
        40,
        36,
        21,
        1205
      ]
    ]
  },
  "class_metrics": {
    "per_class": {
      "C": {
        "accuracy": 0.43382528537994935,
        "correct": 18166,