{
  "checkpoint": "research_data/gru_24key.pt",
  "model_type": "gru",
  "validation": {
    "loss": 2.184463797895997,
    "accuracy": 0.3678347165099882,
    "mirex_weighted_score": 0.5024699801705064,
    "total_predictions": 217856
  },
  "test": {
    "loss": 1.9793409952095578,
    "accuracy": 0.3898122197309417,
    "mirex_weighted_score": 0.5384115751121977,
    "total_predictions": 285440,
    "confusion_matrix": [
      [
        16950,
        472,
        758,
        507,
        682,
        1205,
        36,
        3613,
        384,
        1048,
        289,
        86,
        83,
        126,
        447,
        54,
        52,
        1364,
        2,
        12,
        3,
        193,
        653,
        1
      ],
      [
        201,
        2371,
        16,
        10,
        256,
        1,
        353,
        4,
        370,
        49,
        6,
        12,
        0,
        210,
        1,
        77,
        45,
        513,
        220,
        1,
        0,
        0,
        272,
        0
      ],
      [
        2057,
        119,
        16315,
        173,
        320,
        1530,
        108,
        8901,
        198,
        5628,
        2662,
        338,
        2,
        252,
        857,
        45,
        13,
        337,
        665,
        26,
        19,
        60,
        7,
        10
      ],
      [
        1922,
        275,
        22,
        20341,
        24,
        240,
        465,
        228,
        1415,
        24,
        6354,
        143,
        325,
        4,
        95,
        662,
        3,
        1493,
        10,
        18,
        103,
        10,
        560,
        0
      ],
      [
        8,
        23,
        0,
        0,
        473,
        0,
        0,
        0,
        20,
        48,
        0,
        7,
        0,
        14,
        0,
        0,
        0,
        53,
        1,
        0,
        11,
        0,
        0,
        0
      ],
      [
        2747,
        4,
        19,
        13,
        3,
        2256,
        0,
        46,
        37,
        657,
        1794,
        0,
        0,
        1,
        734,
        0,
        0,
        45,
        2,
        17,
        5,
        180,
        2,
        0
      ],
      [
        44,
        519,
        471,
        604,
        187,
        40,
        4526,
        24,
        183,
        15,
        63,
        309,
        0,
        81,
        10,
        1455,
        0,
        486,
        398,
        0,
        474,
        0,
        379,
        0
      ],
      [
        3813,
        4,
        1144,
        270,
        335,
        0,
        85,
        8829,
        1,
        61,
        474,
        1,
        1,
        0,
        24,
        0,
        0,
        3,
        29,
        98,
        0,
        0,
        0,
        0
      ],
      [
        1475,
        1050,
        19,
        2343,
        142,
        286,
        69,
        37,
        4467,
        527,
        352,
        183,
        233,
        39,
        7,
        388,
        4,
        12292,
        323,
        0,
        158,
        35,
        1183,
        0
      ],
      [
        2088,
        536,
        2164,
        464,
        2322,
        229,
        37,
        768,
        1244,
        10914,
        513,
        601,
        2,
        1199,
        346,
        6,
        104,
        344,
        1447,
        2,
        425,
        44,
        0,
        5
      ],
      [
        446,
        264,
        60,
        2585,
        33,
        747,
        150,
        415,
        234,
        143,
        12155,
        117,
        8,
        2,
        20,
        410,
        1,
        270,
        20,
        331,
        110,
        0,
        907,
        0
      ],
      [
        371,
        4,
        83,
        4,
        1891,
        0,
        452,
        298,
        10,
        278,
        0,
        1842,
        0,
        145,
        1,
        11,
        42,
        9,
        21,
        0,
        38,
        2,
        1,
        1
      ],
      [
        3148,
        108,
        2,
        7740,
        22,
        73,
        19,
        106,
        296,
        3,
        430,
        8,
        1057,
        2,
        3,
        5,
        1,
        2169,
        0,
        13,
        2,
        0,
        353,
        0
      ],
      [
        8,
        1474,
        583,
        17,
        489,
        1,
        43,
        80,
        841,
        802,
        2,
        201,
        3,
        3234,
        1,
        26,
        0,
        127,
        781,
        0,
        1487,
        0,
        5,
        1
      ],
      [
        481,
        6,
        49,
        112,
        14,
        326,
        0,
        357,
        6,
        280,
        374,
        0,
        0,
        5,
        51,
        2,
        0,
        21,
        0,
        0,
        0,
        2,
        0,
        0
      ],
      [
        0,
        0,
        0,
        0,
        0,
        0,
        0,
        0,
        0,
        0,
        0,
        0,
        0,
        0,
        0,
        0,
        0,
        0,
        0,
        0,
        0,
        0,
        0,
        0
      ],
      [
        661,
        0,
        2,
        1,
        64,
        4,
        0,
        253,
        0,
        2,
        0,
        0,
        0,
        0,
        0,
        0,
        19,
        0,
        0,
        0,
        0,
        0,
        0,
        0
      ],
      [
        37,
        228,
        7,
        0,
        15,
        75,
        0,
        1,
        21,
        15,
        2,
        0,
        0,
        0,
        3,
        0,
        0,
        1365,
        250,
        0,
        0,
        0,
        45,
        0
      ],
      [
        7,
        480,
        1655,
        4,
        326,
        53,
        193,
        82,
        36,
        1356,
        2,
        408,
        0,
        150,
        13,
        2,
        0,
        7,
        2084,
        0,
        2,
        0,
        256,
        0
      ],
      [
        418,
        2,
        29,
        37,
        0,
        9,
        5,
        304,
        1,
        3,
        11,
        40,
        1,
        0,
        15,
        0,
        2,
        130,
        0,
        0,
        0,
        0,
        2,
        13
      ],
      [
        4,
        0,
        25,
        0,
        93,
        0,
        44,
        0,
        0,
        11,
        0,
        84,
        0,
        0,
        0,
        0,
        1,
        0,
        0,
        0,
        26,
        0,
        0,
        0
      ],
      [
        6698,
        603,
        461,
        29,
        252,
        268,
        27,
        2473,
        89,
        1727,
        24,
        22,
        1,
        48,
        78,
        0,
        0,
        512,
        129,
        0,
        0,
        75,
        4,
        10
      ],
      [
        170,
        227,
        1,
        343,
        22,
        41,
        107,
        2,
        369,
        29,
        130,
        369,
        3,
        57,
        4,
        172,
        3,
        858,
        0,
        0,
        43,
        0,
        1620,
        0
      ],
      [
        1075,
        23,
        2487,
        25,
        715,
        21,
        152,
        1613,
        50,
        289,
        6,
        203,
        0,
        7,
        7,
        36,
        275,
        19,
        268,
        0,
        27,
        0,
        2,
        298
      ]
    ]
  },
  "tonicization_subset": {
    "loss": 2.2447789907455444,
    "accuracy": 0.4098307291666667,
    "mirex_weighted_score": 0.5270670572916698,
    "total_predictions": 55296,
    "composers": [
      "debussy",
      "schubert"
    ],