{
  "checkpoint": "research_data/transformer_24key_pretrained.pt",
  "model_type": "transformer",
  "validation": {
    "loss": 2.284434418987345,
    "accuracy": 0.33920112367802585,
    "mirex_weighted_score": 0.47870978995310437,
    "total_predictions": 217856
  },
  "test": {
    "loss": 2.0629823616572787,
    "accuracy": 0.3733499159192825,
    "mirex_weighted_score": 0.5229645459640978,
    "total_predictions": 285440,
    "confusion_matrix": [
      [
        14725,
        588,
        1418,
        758,
        572,
        2208,
        45,
        3343,
        283,
        462,
        393,
        2,
        285,
        76,
        1124,
        144,
        288,
        1514,
        3,
        114,
        155,
        280,
        240,
        0
      ],
      [
        100,
        2785,
        84,
        29,
        107,
        94,
        411,
        5,
        164,
        7,
        7,
        3,
        2,
        26,
        15,
        466,
        66,
        257,
        113,
        0,
        153,
        41,
        53,
        0
      ],
      [
        888,
        537,
        22950,
        148,
        549,
        1848,
        137,
        3075,
        191,
        3289,
        2486,
        11,
        1,
        20,
        2390,
        69,
        0,
        292,
        568,
        379,
        152,
        624,
        17,
        21
      ],
      [
        1314,
        974,
        43,
        20095,
        31,
        726,
        378,
        104,
        648,
        4,
        7223,
        33,
        434,
        0,
        110,
        855,
        0,
        1012,
        1,
        138,
        283,
        1,
        329,
        0
      ],
      [
        20,
        100,
        0,
        1,
        79,
        0,
        6,
        0,
        2,
        1,
        0,
        2,
        0,
        2,
        0,
        0,
        0,
        76,
        0,
        0,
        369,
        0,
        0,
        0
      ],
      [
        2174,
        142,
        38,
        145,
        5,
        3317,
        0,
        27,
        23,
        98,
        1476,
        0,
        29,
        1,
        858,
        0,
        0,
        95,
        3,
        27,
        38,
        66,
        0,
        0
      ],
      [
        6,
        890,
        708,
        460,
        130,
        26,
        2938,
        13,
        155,
        19,
        102,
        23,
        0,
        3,
        38,
        1929,
        0,
        193,
        291,
        0,
        1964,
        1,
        379,
        0
      ],
      [
        3170,
        3,
        2532,
        297,
        354,
        134,
        18,
        7676,
        0,
        41,
        370,
        0,
        65,
        0,
        70,
        0,
        32,
        16,
        32,
        252,
        1,
        109,
        0,
        0
      ],
      [
        980,
        2561,
        86,
        3424,
        97,
        668,
        113,
        32,
        4317,
        163,
        275,
        1,
        381,
        15,
        22,
        370,
        1,
        10250,
        190,
        8,
        559,
        7,
        1092,
        0
      ],
      [
        1063,
        1043,
        4256,
        542,
        2492,
        534,
        233,
        500,
        457,
        8164,
        363,
        9,
        0,
        711,
        182,
        114,
        265,
        476,
        1573,
        46,
        2261,
        514,
        6,
        0
      ],
      [
        208,
        488,
        142,
        2577,
        4,
        973,
        79,
        191,
        63,
        55,
        11471,
        1,
        25,
        1,
        261,
        603,
        0,
        46,
        1,
        1378,
        356,
        8,
        497,
        0
      ],
      [
        76,
        136,
        35,
        48,
        1808,
        0,
        974,
        281,
        5,
        82,
        13,
        282,
        0,
        58,
        5,
        50,
        62,
        146,
        54,
        0,
        1363,
        20,
        6,
        0
      ],
      [
        2410,
        247,
        9,
        7965,
        19,
        281,
        29,
        106,
        105,
        1,
        322,
        9,
        2203,
        0,
        4,
        20,
        0,
        1292,
        0,
        174,
        14,
        1,
        349,
        0
      ],
      [
        21,
        1760,
        1114,
        62,
        164,
        2,
        102,
        44,
        247,
        381,
        13,
        5,
        3,
        468,
        9,
        9,
        0,
        1012,
        372,
        0,
        4418,
        0,
        0,
        0
      ],
      [
        229,
        82,
        412,
        70,
        5,
        548,
        6,
        55,
        0,
        186,
        280,
        0,
        2,
        2,
        17,
        1,
        0,
        13,
        12,
        124,
        12,
        30,
        0,
        0
      ],
      [
        0,
        0,
        0,
        0,
        0,
        0,
        0,
        0,
        0,
        0,
        0,
        0,
        0,
        0,
        0,
        0,
        0,
        0,
        0,
        0,
        0,
        0,
        0,
        0
      ],
      [
        384,
        0,
        3,
        11,
        209,
        0,
        0,
        188,
        0,
        4,
        0,
        0,
        0,
        0,
        0,
        0,
        80,
        0,
        0,
        2,
        0,
        125,
        0,
        0
      ],
      [
        34,
        541,
        80,
        2,
        29,
        6,
        3,
        1,
        22,
        3,
        1,
        0,
        0,
        0,
        56,
        1,
        0,
        1166,
        111,
        0,
        2,
        0,
        6,
        0
      ],
      [
        11,
        545,
        2736,
        2,
        207,
        0,
        583,
        30,
        8,
        519,
        9,
        0,
        0,
        65,
        71,
        25,
        0,
        3,
        1553,
        0,
        722,
        2,
        25,
        0
      ],
      [
        273,
        1,
        74,
        29,
        0,
        8,
        0,
        219,
        51,
        0,
        9,
        0,
        44,
        0,
        52,
        0,
        0,
        163,
        0,
        82,
        16,
        0,
        1,
        0
      ],
      [
        4,
        0,
        0,
        0,
        44,
        0,
        120,
        43,
        0,
        0,
        0,
        1,
        0,
        0,
        1,
        5,
        0,
        0,
        0,
        0,
        63,
        7,
        0,
        0
      ],
      [
        5367,
        1018,
        946,
        40,
        345,
        603,
        6,
        2137,
        9,
        672,
        54,
        0,
        3,
        0,
        77,
        2,
        3,
        1075,
        161,
        11,
        34,
        951,
        16,
        0
      ],
      [
        84,
        566,
        59,
        445,
        7,
        56,
        65,
        1,
        284,
        0,
        131,
        14,
        2,
        16,
        1,
        598,
        0,
        519,
        12,
        81,
        460,
        0,
        1169,
        0
      ],
      [
        570,
        12,
        3252,
        62,
        1073,
        6,
        242,
        1045,
        13,
        72,
        6,
        32,
        0,
        4,
        18,
        183,
        234,
        7,
        238,
        0,
        267,
        243,
        1,
        18
      ]
    ]
  },
  "tonicization_subset": {
    "loss": 2.340982036931174,
    "accuracy": 0.40677445023148145,
    "mirex_weighted_score": 0.5098578559028035,
    "total_predictions": 55296,