{
  "checkpoint": "research_data/transformer_24key_nopretrain.pt",
  "model_type": "transformer",
  "validation": {
    "loss": 2.2631327918282262,
    "accuracy": 0.3468529670975323,
    "mirex_weighted_score": 0.4875179017333443,
    "total_predictions": 217856
  },
  "test": {
    "loss": 2.0639323319707596,
    "accuracy": 0.37295053251121074,
    "mirex_weighted_score": 0.5205713985426261,
    "total_predictions": 285440,
    "confusion_matrix": [
      [
        13865,
        314,
        1320,
        754,
        906,
        1731,
        71,
        3618,
        276,
        438,
        1109,
        3,
        288,
        102,
        882,
        154,
        185,
        1334,
        13,
        104,
        91,
        903,
        559,
        0
      ],
      [
        128,
        2602,
        81,
        22,
        143,
        57,
        256,
        6,
        252,
        7,
        13,
        0,
        1,
        22,
        6,
        600,
        115,
        262,
        135,
        0,
        200,
        12,
        68,
        0
      ],
      [
        1074,
        283,
        22779,
        89,
        547,
        1546,
        222,
        3075,
        187,
        2894,
        3104,
        8,
        1,
        122,
        2656,
        190,
        1,
        352,
        578,
        234,
        97,
        542,
        20,
        41
      ],
      [
        1150,
        752,
        39,
        19817,
        9,
        676,
        189,
        227,
        555,
        9,
        7565,
        74,
        571,
        0,
        26,
        1078,
        0,
        1013,
        0,
        139,
        358,
        86,
        403,
        0
      ],
      [
        37,
        59,
        0,
        0,
        100,
        0,
        3,
        0,
        9,
        0,
        0,
        5,
        0,
        2,
        0,
        0,
        0,
        77,
        1,
        0,
        365,
        0,
        0,
        0
      ],
      [
        1874,
        40,
        63,
        121,
        30,
        3082,
        7,
        32,
        24,
        183,
        1567,
        0,
        9,
        1,
        974,
        0,
        0,
        153,
        4,
        30,
        27,
        339,
        2,
        0
      ],
      [
        6,
        705,
        573,
        442,
        85,
        34,
        2913,
        6,
        40,
        10,
        222,
        19,
        0,
        14,
        32,
        1983,
        0,
        177,
        263,
        0,
        2512,
        0,
        226,
        6
      ],
      [
        3319,
        3,
        1820,
        271,
        391,
        94,
        23,
        8378,
        0,
        55,
        493,
        0,
        5,
        0,
        48,
        31,
        23,
        13,
        27,
        65,
        5,
        108,
        0,
        0
      ],
      [
        996,
        2165,
        173,
        3377,
        85,
        851,
        120,
        20,
        4344,
        207,
        423,
        10,
        313,
        3,
        3,
        556,
        0,
        9994,
        145,
        0,
        706,
        9,
        1112,
        0
      ],
      [
        984,
        808,
        4348,
        491,
        3688,
        659,
        457,
        236,
        218,
        7090,
        396,
        42,
        1,
        316,
        342,
        299,
        449,
        340,
        1704,
        0,
        2371,
        503,
        46,
        16
      ],
      [
        223,
        341,
        104,
        2121,
        4,
        893,
        53,
        212,
        132,
        58,
        12139,
        0,
        55,
        0,
        308,
        791,
        0,
        55,
        0,
        986,
        320,
        25,
        608,
        0
      ],
      [
        172,
        55,
        52,
        39,
        1579,
        10,
        997,
        182,
        0,
        36,
        9,
        583,
        0,
        158,
        9,
        224,
        119,
        109,
        30,
        0,
        1068,
        35,
        4,
        34
      ],
      [
        2438,
        290,
        13,
        7933,
        16,
        375,
        39,
        73,
        73,
        0,
        415,
        3,
        2236,
        0,
        0,
        11,
        0,
        1144,
        0,
        73,
        34,
        16,
        378,
        0
      ],
      [
        34,
        2234,
        926,
        86,
        379,
        0,
        208,
        35,
        129,
        336,
        8,
        3,
        2,
        590,
        2,
        87,
        0,
        570,
        662,
        0,
        3914,
        0,
        1,
        0
      ],
      [
        154,
        58,
        144,
        62,
        37,
        565,
        9,
        333,
        0,
        106,
        403,
        3,
        0,
        0,
        31,
        1,
        0,
        20,
        1,
        37,
        34,
        88,
        0,
        0
      ],
      [
        0,
        0,
        0,
        0,
        0,
        0,
        0,
        0,
        0,
        0,
        0,
        0,
        0,
        0,
        0,
        0,
        0,
        0,
        0,
        0,
        0,
        0,
        0,
        0
      ],
      [
        305,
        0,
        4,
        4,
        280,
        0,
        0,
        212,
        0,
        0,
        0,
        0,
        3,
        0,
        0,
        0,
        101,
        1,
        0,
        1,
        0,
        95,
        0,
        0
      ],
      [
        23,
        343,
        48,
        0,
        39,
        1,
        22,
        7,
        19,
        1,
        2,
        0,
        0,
        0,
        75,
        1,
        0,
        1271,
        140,
        0,
        2,
        5,
        65,
        0
      ],
      [
        20,
        508,
        2388,
        2,
        251,
        36,
        636,
        35,
        0,
        556,
        2,
        17,
        0,
        99,
        91,
        40,
        0,
        5,
        1689,
        0,
        656,
        3,
        82,
        0
      ],
      [
        326,
        0,
        28,
        17,
        3,
        7,
        3,
        297,
        53,
        0,
        14,
        0,
        5,
        0,
        51,
        7,
        0,
        145,
        0,
        53,
        8,
        3,
        0,
        2
      ],
      [
        14,
        0,
        0,
        0,
        26,
        0,
        151,
        6,
        0,
        0,
        0,
        1,
        0,
        0,
        1,
        32,
        1,
        0,
        0,
        0,
        29,
        4,
        0,
        23
      ],
      [
        4651,
        895,
        870,
        52,
        467,
        547,
        30,
        2323,
        70,
        634,
        67,
        0,
        25,
        2,
        280,
        14,
        128,
        940,
        126,
        11,
        28,
        1247,
        121,
        2
      ],
      [
        115,
        837,
        17,
        418,
        16,
        30,
        80,
        5,
        187,
        5,
        148,
        0,
        14,
        33,
        1,
        398,
        0,
        475,
        65,
        99,
        501,
        1,
        1125,
        0
      ],
      [
        412,
        5,
        2832,
        43,
        760,
        8,
        242,
        1220,
        95,
        130,
        8,
        102,
        0,
        4,
        46,
        367,
        518,
        7,
        170,
        0,
        95,
        143,
        0,
        391
      ]
    ]
  },
  "tonicization_subset": {
    "loss": 2.4257233994347707,
    "accuracy": 0.3919813368055556,
    "mirex_weighted_score": 0.4995026765046525,
    "total_predictions": 55296,